{
  "days": {
    "2026-07-04": 0.4552819999999999
  },
  "months": {
    "2026-07": 0.4552819999999999
  }
}