{
  "days": {
    "2026-07-04": 0.12349
  },
  "months": {
    "2026-07": 0.12349
  }
}