{
  "days": {
    "2026-07-04": 0.14007960000000003
  },
  "months": {
    "2026-07": 0.14007960000000003
  }
}