{
  "days": {
    "2026-07-04": 0.2613794
  },
  "months": {
    "2026-07": 0.2613794
  }
}