{
  "days": {
    "2026-07-04": 0.3595656
  },
  "months": {
    "2026-07": 0.3595656
  }
}