{
  "days": {
    "2026-07-04": 0.21326489999999998
  },
  "months": {
    "2026-07": 0.21326489999999998
  }
}