{
  "days": {
    "2026-07-04": 0.0350199
  },
  "months": {
    "2026-07": 0.0350199
  }
}